,Time,0.05,0.1,0.15,0.2
0,0.006005690778882626,1.74112192629683,1.740154686736591,1.739867368714333,1.7397821940231935
1,0.011033158470900384,1.7412000144156299,1.7393644412772218,1.7392404072871017,1.7394288166194551
2,0.01698665870182969,1.7636904097296175,1.7506671466726411,1.7466058241909261,1.7441194153690667
3,0.0237395772299247,1.7572638511084997,1.7496025442477028,1.7494268260348502,1.750374382595538
4,0.031206484690717833,1.8366354155739164,1.797157690184107,1.7872676992647192,1.7761789672614292
5,0.03932466521460106,1.864509239239567,1.8589389289367533,1.8389757956387127,1.8171871512681714
6,0.048045526231061,1.8299306736751346,1.8570689584850857,1.8357719056630117,1.8165527854097987
7,0.0573299731186752,1.8121898942568049,1.8067052214164103,1.797004488540234,1.7899696055506513
8,0.06714566416712603,1.775828562186438,1.7271500737908205,1.7486154404254866,1.7627447844855506
9,0.0774652633642176,1.8173318177442697,1.7944687037068454,1.7861247548040877,1.7838676457318732
10,0.08826526776720303,1.9117286110069924,1.812916363065713,1.8124081965335845,1.8149856574573229
11,0.09952518704091196,2.0333634119918793,1.9074464943620206,1.8848761196945938,1.876195725314648
12,0.1112269497645406,2.4345762204826666,2.1659244643680373,2.0498417131737394,1.9798642268495195
13,0.12335446173730444,2.7078476552650748,2.301645431661808,2.1425982475695173,2.0442793964196415
14,0.13589326961463757,2.5284978797932007,2.2002282015111394,2.1178981050960264,2.0489548898753736
15,0.14883029961466757,2.379982547633158,2.159598686120637,2.0969844991929767,2.0416284301623966
16,0.16215365102983095,2.2936692859909296,2.1241284951102726,2.074344787191313,2.034174746846238
17,0.17585243059051722,2.1519377127694077,2.039257189770047,2.066971255822367,2.041134131928855
18,0.18991661783939767,2.474424822604431,2.22691461894662,2.138477632374374,2.0774182264149843
19,0.20433695442697658,2.554364192845489,2.301842898276616,2.194648636944424,2.110771176332176
20,0.21910485212496045,2.8208442213356717,2.324657308169683,2.2185083709205005,2.1314802569057685
21,0.2342123156742189,2.859485030532243,2.3317770311283805,2.2290754450631507,2.1416120794531546
22,0.2496518775257428,2.7011617375513275,2.3256971455698268,2.2324111113298732,2.1448230220685516
23,0.26541654221608907,2.471275374835811,2.3374736969532144,2.235646799248142,2.1445159766844086
24,0.28149973862195354,2.46785469369692,2.3411142599931916,2.2368860783364215,2.1412685967289415
25,0.29789527871431043,2.8795408793749435,2.49600530604137,2.254383337791934,2.1350883999356
26,0.3145973217168087,3.0918676380595946,2.7165549990171813,2.4030315092094208,2.1582914675373974
27,0.33160034279063166,3.4787986871819223,2.8974502706811927,2.5294975007345744,2.24504132496956
28,0.3488991055362581,3.419111313678075,3.0154762095142944,2.6324410431402,2.317916376716773
29,0.36648863773396506,3.6047000042483117,3.143366914935447,2.7236026078806557,2.377674221547811
30,0.38436420984848824,4.104693068133862,3.3007905860445153,2.8080539582295385,2.425348372497733
31,0.40252131590558693,4.794376183314614,3.435525639304749,2.8738549924957244,2.456761657490011
32,0.42095565641422833,4.969131660188195,3.5363813225438494,2.9119974637998234,2.469242040292042
33,0.43966312306134697,5.026668825043272,3.7640648445559326,2.9699513646691926,2.472182571946437
34,0.45863978494940194,5.202544602271044,3.876006132990157,3.0631387216116326,2.53515599360737
35,0.47788187618234934,5.162255429822746,3.884017645763582,3.0842023730808883,2.5546585972305613
36,0.4973857846347658,4.960498333046173,3.8030675788701975,3.047876525524096,2.535022640331044
37,0.5171480417629658,4.681166188782749,3.6498445920129687,2.9605173000781093,2.4800276144284337
38,0.5371653133370087,4.343522174135044,3.4433093737346687,2.834653347800379,2.3988926832099997
39,0.5574343909892625,3.8705364287643227,3.2135077593336345,2.685999365085437,2.2982588450698977
40,0.5779521844892866,3.6958942850838663,2.9772888527914345,2.5224157996486545,2.186695179767681
41,0.5987157146666947,3.289107091418064,2.719237090419537,2.353430408468552,2.0713224596063147
42,0.619722106913741,2.9565569665809557,2.480680806348281,2.2265514653192557,2.030267185142801
43,0.640968585207967,2.909747654105037,2.4822568683471884,2.199671731218134,1.9924175402836295
44,0.6624524666025776,2.849222440611589,2.4665870508245114,2.15528169619976,1.944004643954813
45,0.6841711561385165,3.0666344778329737,2.426194801315654,2.088394313624274,1.883115865817612
46,0.7061221421376239,3.0969773652448174,2.320153645746443,1.9951364345505616,1.8116193946558534
47,0.7283029918409476,2.8184210276002544,2.132422295435028,1.8794785897555697,1.7328949479594402
48,0.7507113473603277,2.1832503438075066,1.9002890662346228,1.7547367037484423,1.6525618394660937
49,0.773344921914908,2.029488153793025,1.7795083468082336,1.6382489590354392,1.576185467750756
50,0.7962014963272951,1.8775172604178383,1.7197863593869671,1.5463520861905253,1.5078270594581173
51,0.8192789157567786,1.8439702959217914,1.6694132832530035,1.4961016363689308,1.4487759277080676
52,0.8425750866493807,1.8505023118171733,1.6257194982861578,1.4472082164664974,1.3993527019817156
53,0.8660879738865723,1.8442100301284836,1.5784515238217418,1.3983344202945993,1.3581719215537202
54,0.8898155981163238,1.7607220861457917,1.5234440653028798,1.3494937833871332,1.3250593429076165
55,0.9137560332517645,1.7162274901937284,1.466138383490109,1.3008317340047995,1.3002627198873073
56,0.9379074041241556,1.7280108254331186,1.4570744410688212,1.2540949360214928,1.2840941758366824
57,0.9622678842781501,1.7877421132757687,1.5106367990296448,1.285180157702621,1.2765216411363833
58,0.986835693898434,1.8739716995460387,1.5679388763041058,1.3265157628136355,1.2772075030516299
59,1.0116090978578536,2.0088562243530435,1.6240956523020669,1.36145265483747,1.2850043300120826
60,1.0365864038780248,2.1142724206211407,1.6700359655107047,1.3881203971624472,1.2982417239394095
61,1.0617659607942271,2.1130091751128117,1.7008605790801044,1.4049759943127775,1.3148564740577067
62,1.0871461569170984,2.1343851464779933,1.7172779053622613,1.4114190121739476,1.332343648146235
63,1.1127254184842994,2.202810655088833,1.7190897991125167,1.4103293836972906,1.3484152426635658
64,1.1385022081958893,2.2028271801872883,1.7036539200299632,1.4389874138051177,1.3609515785854691
65,1.1644750238276838,2.095817600858729,1.6723961404941274,1.4542519263283742,1.369074640253234
66,1.1906423969173379,2.045066189826325,1.6325993496158968,1.4561452614808377,1.3728210471823796
67,1.2170028915183204,2.005826669819878,1.5896190444606508,1.4471982757712611,1.373144608366936
68,1.2435551030173326,2.0309972674063137,1.5414137233928247,1.432750400796257,1.3716989545456824
69,1.2702976570110849,1.9693298995521837,1.487532894906562,1.4189709005885134,1.3703139944100138
70,1.2972292082386443,1.9381966770883694,1.4345535678535648,1.4114860038491959,1.3705451199034888
71,1.324348439565877,1.887640713402863,1.3999377583036503,1.4140183041699634,1.373340089053775
72,1.3516540610187535,1.8314485510511436,1.4069843699077251,1.4274707698930935,1.3788894281677926
73,1.3791448088625442,1.7834760501027824,1.4732437258644482,1.4500038203403225,1.3866625819278715
74,1.4068194447241338,1.7512347114190243,1.5554077438711318,1.4776594938125964,1.395593795132044
75,1.4346767547548946,1.9102502221624926,1.6364778197659664,1.506160840868127,1.404352543050721
76,1.4627155488317434,2.0669392323485503,1.7045466846967323,1.5315177587353457,1.4116179617335003
77,1.4909346597941697,2.1573076602641015,1.7539403473744313,1.55113923128873,1.4164697344713864
78,1.5193329427151772,2.1906835979321557,1.7833620706415025,1.5634520870518354,1.4181363958387285
79,1.547909274204227,2.1817087579516423,1.7944158181502627,1.5682165435621132,1.4165019186593322
80,1.5766625517403985,2.1522549316374886,1.7906723367418964,1.5660633242259163,1.4114656416815006
81,1.605591693034105,2.146664788204327,1.7759949221409743,1.5579280026082176,1.4032538270815076
82,1.634695635415808,2.1360144404840256,1.7541552391066464,1.5450195802248603,1.3923231324764496
83,1.6639733352502823,2.1035196350051786,1.7286348326544128,1.529087152761003,1.3794573832011192
84,1.693423767375075,2.047910607582487,1.7016515998611463,1.5114968763022316,1.365443457051943
85,1.7230459245618848,1.9746784784477696,1.6743251361945461,1.492965320255823,1.3507174842571905
86,1.7528388169996785,1.8914101698872632,1.6475801341354126,1.4738194758859686,1.335349323167928
87,1.7828014717984242,1.8127345915178643,1.6220028517013034,1.454387190127051,1.3195872633135317
88,1.8129329325123984,1.780600949965734,1.597938655858941,1.4346384876270095,1.3033806873545213
89,1.8432322586820848,1.7585817680527767,1.5754346117978442,1.4146197842608417,1.2866991897852476
90,1.8736985253937453,1.7456174930451178,1.554080267915183,1.3942966495314761,1.2696228545351107
91,1.9043308228557894,1.7382931257633463,1.5330767857393741,1.373578780962296,1.2521880339531004
92,1.9351282559911362,1.7318041637379,1.5112053479684808,1.3521961537616578,1.2344612318232335
93,1.9660899440447936,1.7213526155787349,1.4870559826095286,1.3297502416001692,1.2164115450879818
94,1.9972150202059356,1.7028796757824245,1.459627016112041,1.3059532653135033,1.1980150330334882
95,2.028502631243796,1.6738575531763216,1.4283243368498488,1.2805874445484076,1.179121691304221
96,2.0599519371567343,1.633460224558977,1.3929057530501427,1.2537947477711227,1.1598194606464118
97,2.0915621108338693,1.5836969549056905,1.3534757484686837,1.225745268927758,1.140254185887255
98,2.123332337728705,1.527299101484503,1.310797699112889,1.19672884293118,1.120626609364331
99,2.1552618155442116,1.464052071604205,1.266150939989013,1.1671149584187879,1.1012273760931937
100,2.1873497539288453,1.3948428390262964,1.2324077070483488,1.1373983968366737,1.0822478366741333
101,2.219595374183027,1.3804298038103993,1.2479659438950241,1.1446298630234601,1.0640192537252442
102,2.25199790897562,1.3994732067011062,1.261786680726258,1.1531369531883777,1.0614167258856886
103,2.2845566020699732,1.4155277776230633,1.2740370017768958,1.1609071957365868,1.0656505072138527
104,2.317270708059117,1.4293519217047064,1.2849538811612198,1.168005893788846,1.0697435955163201
105,2.3501394921097245,1.441590757375943,1.2947569150261393,1.1746147525866482,1.0740387246580623
106,2.3831622297144746,1.452718563089542,1.3037021473065498,1.181021275245793,1.0786053835637341
107,2.416338206452448,1.4630849813226918,1.3121553403757857,1.1875402730684173,1.083416282471326
108,2.4496667177572458,1.4731195796053127,1.3205328331825787,1.1940668794749862,1.0892004104918713
109,2.4831470686924955,1.4832148790995276,1.3288613111233343,1.2009244644487616,1.0964493745669623
110,2.51677857373446,1.4933073583323522,1.3372597191363416,1.2087532828072278,1.1041353758233312
111,2.5505605565614475,1.5034399664247906,1.3462689159275743,1.21757613789931,1.1115592618837375
112,2.584492349849767,1.513986361607954,1.3561317804803934,1.2265902184276416,1.11866411104691
113,2.6185732950759557,1.5252101020597344,1.3666243636498299,1.2352889436710428,1.1253626192706963
114,2.652802742325043,1.5370555310124172,1.3769996496306143,1.243602232959243,1.1315678735354109
115,2.6871800501046144,1.548999429148421,1.3870351231675977,1.2514532494188442,1.1372613255481203
116,2.721704585164442,1.5606590215075407,1.3966663955094731,1.2587659248222904,1.1424570407637784
117,2.7563757223214878,1.5720301711360698,1.4057945139162709,1.2655230569029183,1.1471873106010335
118,2.7911928442900535,1.583085364391043,1.4143727210932637,1.2717582838650254,1.1514640734286699
119,2.826155341516905,1.5938135638903295,1.4224550229820723,1.2775082888290479,1.1552251509454508
120,2.86126261202117,1.604255938824772,1.4300704268248736,1.2827245023381957,1.15845501802207
121,2.896514061238841,1.6144735701788127,1.4371897123159756,1.2873654102244458,1.1611736325895983
122,2.931909101871709,1.631731603506523,1.4437615402910786,1.2914439527254273,1.1633761084937866
123,2.967447153740577,1.6439597206365733,1.4497723280405972,1.2949477489988754,1.1650810251448067
124,3.003127643642586,1.643344575061628,1.4551806057293324,1.2978771250916536,1.1663679951344452
125,3.0389500052125102,1.6520648581345019,1.459961602208667,1.3003184021680192,1.167309247226091
126,3.0749136787878935,1.6601894372083654,1.4642185865934974,1.3023457468375297,1.1679512611232077
127,3.111018111277867,1.6677212125726069,1.4679765324309921,1.3040117549796464,1.1683733288495364
128,3.147262756035543,1.6873466544537254,1.471287584030778,1.3061640549954163,1.182713255840667
129,3.183647072733849,1.7420163410048874,1.5034649974871803,1.3294050300505684,1.1972979669307637
130,3.220170527244682,1.794296775945997,1.5375071697331757,1.3521140925028492,1.2113380135525285
131,3.256832591521278,1.843705983650517,1.5697442810261417,1.3738820958696618,1.2246909016130123
132,3.293632743483681,1.8900912645848325,1.6005638118913426,1.3945651893080697,1.2372674363220826
133,3.3305704669072074,1.9332423856944256,1.6302718131786773,1.4141644377087264,1.2490045875517777
134,3.3676452513138124,1.9733943121892206,1.658546142882335,1.432534125561022,1.2598639907337255
135,3.4048565918662512,2.011272690137603,1.6849879109310681,1.4495469304101494,1.269822375132039
136,3.4422039892649563,2.0472107306137706,1.7096290201304047,1.4651732174210272,1.2788973656690936
137,3.479686949647526,2.080518992003683,1.7322744288836105,1.479384824069064,1.2870825730793434
138,3.5173049844907602,2.1110677576198547,1.752792141877322,1.492218624968355,1.2944040373684182
139,3.555057610515138,2.138642954964848,1.7712319777078838,1.5037218747910217,1.3008111738255224
140,3.592944349591679,2.163147029063298,1.7876563730879271,1.513928222440915,1.3062211769378422
141,3.6309647286510995,2.18465301342952,1.8021561923880804,1.522778932949386,1.310746107159321
142,3.6691182795951995,2.2033418543202488,1.8147798266930304,1.5302282417432516,1.3145815684960618
143,3.7074045392104074,2.3087531924562557,1.8254465543541256,1.5365358547306665,1.3177456370687597
144,3.745823049083411,2.408485121739205,1.83433730416846,1.541877900060087,1.3201259302259312
145,3.7843733555188166,2.499631789443495,1.8418349264846736,1.5461367614640895,1.3218890989815777
146,3.823055009458778,2.581508522180811,1.867459454514151,1.549445577823498,1.3230687275994142
147,3.8618675664045203,2.6527521272463614,1.9129129212377334,1.5518977836364571,1.3236350982707579
148,3.9008105863397144,2.712151482820884,1.9555461767617062,1.5534730015489109,1.323429954016274
149,3.9398836336556444,2.760940544468414,1.9953329011925023,1.5718560789263076,1.3250547196843592
150,3.9790862770781077,2.801435093081707,2.0318021124897774,1.58951932808239,1.3377976165435133
151,4.0184180895960075,2.851046950602397,2.064119701549591,1.6061251374716923,1.349093924308979
152,4.057878648391576,2.8913863719380553,2.0917978032701448,1.6235486656613587,1.3589430879612092
153,4.097467534772184,2.924030843059889,2.1146540394409405,1.6387107213835617,1.3673296844060556
154,4.137184334103707,2.949586113986762,2.132602263633057,1.6517525049842186,1.3742051680062792
155,4.17702863574537,2.966851877736243,2.145952270828872,1.6626768093110973,1.3795132034248463
156,4.217000032986057,2.9739520319769537,2.155353761723242,1.6714125330622092,1.3834413323813515
157,4.257098122982035,2.982448169007821,2.161371243863794,1.6780121778219832,1.3861713553307293
158,4.297322506696051,2.992641411650707,2.164441472628959,1.6828053442977824,1.3878609125203523
159,4.33767278883775,2.9982006992786014,2.1646108293363113,1.686070976583872,1.3884271066430653
160,4.378148577805418,2.9992738445901015,2.1620058410059286,1.6877788679404924,1.3877447933481728
161,4.418749485628951,2.9958687720671513,2.156490979693558,1.687766440096169,1.3858965228211255
162,4.459475127914082,2.987876728229592,2.147991383824935,1.6861451632805777,1.3829922845785365
163,4.500325123787781,2.9751934621802256,2.1364087003085244,1.6830801300018075,1.379047405870418
164,4.541299095844818,2.9579547710754315,2.121802442355791,1.6784663131358628,1.373889440484558
165,4.582396670095465,2.9367142841686826,2.1045583895353097,1.672120473845379,1.3674710563470174
166,4.623617475914279,2.9114326529943293,2.0890194460246336,1.6640543396876097,1.3598266845088585
167,4.664961145989967,2.8818981246510416,2.077674402069018,1.6543285348428636,1.3509898359920658
168,4.706427316276285,2.8486334817983443,2.0639714921680237,1.642894281504206,1.3409227809806068
169,4.748015625943951,2.811579222029299,2.048173741275069,1.6298732955298003,1.32970986712737
170,4.789725717333546,2.77090871305298,2.030509147771115,1.6154658115850333,1.317474876085277
171,4.831557235909364,2.7273586676839963,2.0112325691396786,1.5998385586413295,1.3043249298476516
172,4.873509830214216,2.6808520571636127,1.9905011229633438,1.5831230971116537,1.2903949919965174
173,4.915583151825123,2.631111380653681,1.96860434258109,1.5654592393753228,1.2757457761319797
174,4.957776855309918,2.578344982378765,1.9454770710344416,1.547032174272258,1.2604947826547228
175,5.000090598184693,2.522989553827742,1.9211629820839191,1.52778890109166,1.2447711214330912
176,5.042524040872099,2.4648880371394797,1.8958483325159863,1.5077426809356695,1.228513983332595
177,5.085076846660468,2.4142256243533677,1.869613883706534,1.4870116503669355,1.2117365626782515
178,5.127748681663729,2.378194513748114,1.8423654561360183,1.4657286837156434,1.1944911244447194
179,5.170539214782111,2.3406006186435513,1.8141668605602568,1.4438041041178509,1.1769175639118137
180,5.213448117663605,2.3016742344784507,1.7849677320076014,1.421259407668419,1.1589859007458887
181,5.256475064666159,2.2618072108562464,1.7547542605820938,1.3981121431894308,1.1406532787587949
182,5.299619732820618,2.2211505057535534,1.7237247031744984,1.374330645067636,1.1219615123720323
183,5.342881801794348,2.179707274489889,1.6921388147355911,1.3499330655263782,1.1076675652711687
184,5.386260953855559,2.1372430685983774,1.6601495513734668,1.3250155638543688,1.0960917026040018
185,5.429756873838307,2.0937853270620725,1.6277336118208559,1.2997807759103357,1.084251501669751
186,5.473369249108132,2.0495381770846413,1.5948080072167616,1.274360479415244,1.0721695838721226
187,5.517097769528365,2.0047016659786094,1.5612930824855267,1.248748550407652,1.0599073407182877
188,5.560942127427029,1.9593102778205274,1.5272543107903969,1.226335515770803,1.0474816581027024
189,5.604902017564373,1.9132538804424415,1.4928491725737465,1.2109462379276215,1.0349050886067583
190,5.648977137100997,1.866694318658215,1.4581941888280223,1.1954052344336021,1.022189988733758
191,5.693167185566543,1.8198447202203991,1.423326782945438,1.1797424704773916,1.0093394590652043
192,5.73747186482899,1.7729159073510783,1.3881915003888508,1.163952197785837,0.9963899652798374
193,5.7818908790644565,1.7258704219753478,1.3585852662350617,1.1480050649728029,0.9833743393281076
194,5.826423934727589,1.6786910368432735,1.338545423296158,1.1319061761930655,0.9702853105286787
195,5.8710707405224465,1.631376372290406,1.3183658423336373,1.1156883344476578,0.9571082794509592
196,5.915831007373936,1.5839640557197243,1.2980570496983825,1.0993758727377012,0.9438356725188757
197,5.960704448399717,1.5364535665602113,1.2776727524388958,1.0829985188571365,0.930480892558467
198,6.005690778882631,1.5053486983223308,1.2572434059123896,1.066549550371817,0.9170670960429942
199,6.050789716243599,1.479698655196156,1.2367992573065412,1.0500426079718561,0.9036219674836081
200,6.096000980014994,1.4540138529640496,1.2163765471885126,1.0335068345083647,0.8901513154610823
201,6.141324291814475,1.4283455336351925,1.1959711237514243,1.0169738560364914,0.8766580889853458
202,6.186759375319277,1.402733200106783,1.1755749014618173,1.0004599523554794,0.8631457953665611
203,6.232305956240942,1.3771745194598313,1.1551968363704954,0.9839881298133581,0.8496353286198878
204,6.277963762300472,1.3516623468305755,1.1348519273788198,0.9675779739385125,0.8361505978298412
205,6.323732523203919,1.3261924170844828,1.11457571654719,0.9512164317986571,0.8227048112414581
206,6.369611970618378,1.3007709832402832,1.094396433077307,0.9349047375698294,0.8093123390132219
207,6.415601838148389,1.2754218712032614,1.0743156240343619,0.9186465260920555,0.7959880034373901
208,6.461701861312734,1.2501569032978024,1.0543196520058886,0.9024550028563301,0.782738428060819
209,6.507911777521621,1.224966034575066,1.0344182854820643,0.8863489432397174,0.7695576417196244
210,6.554231326054249,1.1998211098149687,1.014599385749631,0.8703458540058334,0.7564451149833633
211,6.600660248036735,1.1747288367487925,0.9948759688370425,0.8544611935548841,0.7434046068295159
212,6.647198286420416,1.1497100081565357,0.9752707284585759,0.838687947605318,0.7304423137074145
213,6.693845185960501,1.1248055092712903,0.955789201460939,0.8230206558569263,0.7175645577589833
214,6.740600693195069,1.1000585673192085,0.9364180863141359,0.8074587168290874,0.7047863570192932
215,6.787464556424411,1.0754987620070686,0.9171567709348013,0.7920015688877214,0.692122429215001
216,6.834436525690704,1.0511355617556741,0.8979921051824458,0.7766615108302055,0.6795731665667617
217,6.881516352758012,1.0269680013106408,0.8789467087501356,0.7614424061235213,0.6671373432563062
218,6.928703791092604,1.0029949244173215,0.8600222158977441,0.7463530090502483,0.6548139523663562
219,6.975998595843598,0.9792398768294047,0.8412399992280861,0.7313986997480584,0.6454997545262279
220,7.02340052382389,0.9557168280456935,0.822633180577625,0.7165679039757725,0.6378245029763129
221,7.070909333491401,0.9324683079929663,0.8042091490972944,0.7018626024503815,0.6301649378220555
222,7.11852478493062,0.9095635601791986,0.785992020543176,0.687281338307321,0.6225240247072917
223,7.166246639834425,0.8871235860058523,0.7679747183427195,0.6755609754812529,0.6149047599530858
224,7.214074661486184,0.8651944930550449,0.7501661960929545,0.6666515434605592,0.6073099256631451
225,7.26200861474216,0.8437538710255005,0.7325654639691621,0.6577783548473907,0.5997420199092961
226,7.3100482660141495,0.8227556676662887,0.7151746869472523,0.6489455526277069,0.5922032734091681
227,7.35819338325242,0.8021605365549145,0.7039514432193223,0.6401573178606178,0.5846957233839328
228,7.4064437359288915,0.7819300508393815,0.6936668905256621,0.6314177325496165,0.5772245070145531
229,7.454799095020578,0.7620370557427553,0.6834567185129969,0.6227306624650101,0.5697936347535344
230,7.503259232993282,0.7424586349584787,0.6733251551057224,0.6140996229100358,0.5624012325424659
231,7.551823923785534,0.7299917638226928,0.6632763696273902,0.6055321694570497,0.5550495703936478
232,7.600492942792772,0.718281912191463,0.6533142334392971,0.5970274540004508,0.547741116603288
233,7.649266066851761,0.7066949160697185,0.6434420758636274,0.5885874372477571,0.5404857468016302
234,7.698143074225242,0.6952430942265001,0.6336626441126297,0.5802143719231556,0.5332803852990046
235,7.747123744586815,0.6839210671921276,0.623978357199303,0.5719104058168991,0.5261254509455577
236,7.796207859006027,0.6727367987514982,0.6143916459845423,0.5636777664249468,0.5190232056187578
237,7.845395199933715,0.6616945175331518,0.6049050051047343,0.5555234727756744,0.5119829060615588
238,7.894685551187518,0.6507995161979292,0.595520746490532,0.5474465177336023,0.5050007499686896
239,7.944078697937643,0.6400511942354196,0.5862408898120909,0.5394473135142801,0.49807647387293
240,7.99357442669281,0.6294531634581361,0.5770673377807722,0.53152790716866,0.4912129478478686
241,8.043172525286414,0.6190096267555988,0.5680019870622043,0.523689942347874,0.4844178798555482
242,8.092872782862878,0.6087197453395868,0.5590465576356307,0.5159364928617628,0.47768420146516855
243,8.142674989864211,0.5985848590593007,0.5502024037021253,0.5082705431989376,0.4710128787801238
244,8.192578938016752,0.5886050507104278,0.5414715467334553,0.5006891043233134,0.4644145225109266
245,8.242584420318103,0.5787797636530588,0.532854955170199,0.49319311912963054,0.4578808950776079
246,8.292691231024252,0.5691092099141801,0.5243531260361923,0.48578366552158747,0.4514126505834456
247,8.34289916563687,0.5595927104768235,0.5159671983325342,0.47846438942052244,0.4450197171714451
248,8.393208020890798,0.550227025355633,0.5076980093494564,0.47123563026968984,0.4386944882358821
249,8.443617594741696,0.5410086412075744,0.49954803408419196,0.4640954769594247,0.43243742176920696
250,8.494127686353872,0.531936104833183,0.49151848482630744,0.45704459425242566,0.42625715652864526
251,8.54473809608829,0.5230108483108244,0.48360626655790995,0.4500837118258272,0.4201466275084783
252,8.595448625490716,0.5142359457785335,0.47581560294411884,0.443215048843281,0.4141055376641575
253,8.646259077280058,0.5056113336662829,0.46814284282349417,0.43643896716068203,0.408142569358994
254,8.69716925533685,0.4971345759669716,0.46059115741467777,0.4297537277637763,0.4022492600633553
255,8.748178964691894,0.4888034807254886,0.4531568366713209,0.4231594187073642,0.3964277340356965
256,8.799288011515058,0.48061472909331154,0.44584317359330167,0.4166560741603323,0.3906825563479756
257,8.850496203104242,0.47255999152537204,0.43864557855392694,0.41024382936787257,0.38500744719956326
258,8.901803347874463,0.46463617425705844,0.43156434542153205,0.40392296876249145,0.37940661648478075
259,8.953209255347101,0.4568353608284515,0.4245997632316251,0.39769377930933075,0.3738797142635839
260,9.004713736139308,0.4491560699625001,0.41774879292094075,0.3915564869327263,0.36842304595688247
261,9.056316601953531,0.4415972807739465,0.41101047951535713,0.3855104851361641,0.36304228998201354
262,9.108017665567184,0.4341587190428562,0.40438190245986433,0.379555835877932,0.3577329072755436
263,9.159816740822466,0.42683812665363907,0.3978613373301452,0.37369189080010223,0.35249404351136937
264,9.211713642616301,0.4196348466142018,0.3914472441187943,0.36791804105775106,0.3473309651839812
265,9.263708186890412,0.4125480319668165,0.3851396498987209,0.3622336198537867,0.3422376626318299
266,9.315800190621545,0.40557646872022096,0.3789395257934998,0.35663794981258756,0.337215137459926
267,9.367989471811782,0.3987187072063689,0.37284684295923864,0.35113034899410317,0.3322661634846256
268,9.420275849479022,0.39197331680200137,0.36685978595681284,0.3457100924566456,0.3273860652113325
269,9.472659143647556,0.3853390130211236,0.3609755982101933,0.34037806812505667,0.32257595228901
270,9.525139175338781,0.37881468280773867,0.35519296020717545,0.3351318342174624,0.31783727782202753
271,9.57771576656202,0.3723993604692637,0.34951100639097565,0.32997016347650077,0.3131663871803934
272,9.630388740305472,0.3660921021647899,0.34392510008276267,0.3248923524011326,0.30856393615912
273,9.683157920527265,0.35989205866610363,0.33843178980314664,0.3198984842297871,0.3040316062941
274,9.736023132146645,0.3537978285361279,0.33302775712135835,0.3149860967181052,0.29956632551800294
275,9.788984201035246,0.3478074774697431,0.32771115061165224,0.3101543326179254,0.29516797179622045
276,9.842040954008496,0.34191946168126486,0.3224803174918027,0.30540360146758705,0.2908363316606917
277,9.895193218817118,0.33613236766970506,0.3173337839830133,0.3007306656341564,0.2865723290516331
278,9.948440824138748,0.33044528210696955,0.3122719556899875,0.296134177632819,0.2823736458457359
279,10.001783599569642,0.32485640795051474,0.3072922514625121,0.2916128938704503,0.2782397281254275
280,10.0552213756165,0.31936436206846447,0.30239340693668404,0.28716568883039595,0.27416995652862863
281,10.108753983688393,0.31396765206082883,0.2975745060078071,0.28279201400613213,0.27016368330339224
282,10.16238125608877,0.3086646585632415,0.29283520358542775,0.2784910293085721,0.2662202709270805
283,10.216103026007602,0.30345380852015696,0.28817526982517633,0.27426180559721886,0.262339095958185
284,10.26991912751357,0.29833376217262164,0.28359246511228936,0.27010466348555034,0.25851984629090147
285,10.323829395546397,0.2933047439509251,0.2790856005535845,0.2660188424247375,0.2547613628634494
286,10.37783366590925,0.28836384226109757,0.2746535716995516,0.2620030317704492,0.25106290906555323
287,10.431931775261235,0.2835097232211656,0.2702969998250697,0.2580554343130306,0.2474237108324676
288,10.486123561109984,0.27874107062275777,0.26601264677646314,0.25417466058856264,0.24384296160510321
289,10.540408861804336,0.2740582946285205,0.2617994911598992,0.25036058517061205,0.24031984081742636
290,10.594787516527115,0.2694585243064705,0.25765882432229403,0.24661083449854937,0.23685349004427456
291,10.649259365287964,0.2649407149279853,0.2535871840250492,0.24292393810621607,0.23344305333629717
292,10.703824248916296,0.26050396851876234,0.24958419204832075,0.23929816379954336,0.23008775069206103
293,10.758482009054319,0.2561475799762108,0.24565026854625846,0.23573173500806807,0.22678685821075406
294,10.813232488150133,0.2518703926370697,0.24178270129137613,0.23222299636478558,0.22353961853696
295,10.868075529450921,0.2476709012181195,0.23798109734385892,0.22877090310821677,0.220345183250213
296,10.92301097699623,0.24354787020865634,0.2342454534041566,0.22537588375768938,0.21720260366730937
297,10.97803867561129,0.2395000406125588,0.23057324608777843,0.22203489778435978,0.2141108543458784
298,11.033158470900466,0.23552621362530596,0.2269642676584646,0.21874898669606618,0.21106891009010587
299,11.088370209240749,0.23162518525746678,0.223417773405378,0.21551593052008935,0.20807583827909515
300,11.143673737775336,0.22779564476836148,0.2199314099288743,0.21233574580469275,0.20513080996841854
301,11.19906890440727,0.22403618996470226,0.2165063930082415,0.20920719215793482,0.20223306937713864
302,11.254555557793188,0.22034571696648725,0.21313944177988628,0.2061297974828117,0.19938230475756052
303,11.310133547337093,0.21672310352778978,0.20983138772500967,0.20310252487004785,0.19657774108363646
304,11.365802723184249,0.2131667081226747,0.20657989030785406,0.20012499878516277,0.1938185955724249
305,11.421562936215098,0.20967543742224862,0.20338521994267184,0.19719599266146368,0.19110448579116318
306,11.477414038039276,0.2062482977622721,0.20024535877954716,0.19431543551957706,0.18843510956687337
307,11.5333558809897,0.20288456530127785,0.1971605365611256,0.19148181551480356,0.18581019766511353
308,11.589388318116688,0.19958289062332277,0.1941285811742897,0.18869535610275476,0.1832285164916261
309,11.645511203182195,0.1963419548830411,0.191150122841135,0.18595420841811966,0.18068919619516322
310,11.701724390654071,0.19316033021015871,0.18822251840864682,0.18325901124032828,0.1781914342943598
311,11.758027735700402,0.19003760507096515,0.18534682526803234,0.18060728125831113,0.1757345198803122
312,11.81442109418392,0.1869717758863157,0.18252055284800006,0.17800055392287084,0.17331782031022824
313,11.87090432265646,0.1839624458262563,0.17974354972930134,0.1754359577929432,0.17094070926671395
314,11.927477278353487,0.18100777946636992,0.1770152749430659,0.1729141333207246,0.1686024214933035
315,11.984139819188695,0.17810793186545515,0.17433393868796543,0.1704339825344456,0.16630194041986757
316,12.04089180374863,0.1752607227758512,0.17169985751447042,0.16799409861121653,0.1640380443773987
317,12.097733091287427,0.17246574857001865,0.1691117164448377,0.16559568286091195,0.16181042883075653
318,12.15466354172155,0.1701662196886287,0.16656826066157923,0.1632363213970712,0.15961810086480854
319,12.21168301562462,0.1684926926146727,0.16406966842945245,0.16091566273137536,0.15746038422772163
320,12.268791374222301,0.16683885009010302,0.16161475660133742,0.15863423287743447,0.15533672964281592
321,12.325988479387213,0.16520333778560914,0.15920234076557405,0.156390025110176,0.15324676809322102
322,12.383274193633952,0.16358598387968845,0.15683216182215048,0.15418274761024608,0.15118909258733834
323,12.440648380114105,0.16198811444266362,0.15533905764603653,0.15201274576639992,0.1491647921570286
324,12.498110902611353,0.16040830737490697,0.15387076852542234,0.1498782227071712,0.14717171782600486
325,12.555661625536638,0.15884608038400758,0.15241914835827933,0.14777877221661653,0.14520991639441447
326,12.613300413923332,0.1573017496540534,0.15098383873277552,0.1457148534660744,0.143279501584322
327,12.671027133422516,0.15577580503159105,0.14956387701599563,0.1436855762538083,0.1413789189491319
328,12.72884165029827,0.15426686994704544,0.1481591213637116,0.14237718300402766,0.13950810269736547
329,12.786743831423031,0.1527747744348333,0.1467696600663377,0.14108255148228682,0.13766727729300243
330,12.844733544272989,0.15130060925258318,0.14539648813581985,0.13980125162484316,0.1358549306912819
331,12.90281065692354,0.14984316406173684,0.14403804390779093,0.13853316558668635,0.13407064129709426
332,12.960975038044788,0.1484019991264929,0.14269418635346176,0.13727878770901245,0.13231512567135245
333,13.019226556897083,0.1469775859175314,0.14136477443529083,0.1360383213897737,0.1309737082084125
334,13.077565083326618,0.145569864838289,0.14005058313232316,0.13481066642756295,0.12982527124207005
335,13.135990487761061,0.14417787550191807,0.13875106207865603,0.13359570547332847,0.12868825977782344
336,13.19450264120525,0.14280167403683686,0.1374655187846004,0.13239332111288848,0.1275625752437569
337,13.253101415236909,0.14144195034417173,0.13619381414857573,0.13120437710623084,0.12644811887179608
338,13.311786682002417,0.1400974215802869,0.13493587625192283,0.13002818231035188,0.1253457686830217
339,13.370558314212646,0.1387679256723697,0.13369274231921915,0.12886416987842905,0.12425487308485504
340,13.429416185138791,0.13745447459840882,0.13246299033827286,0.12771222382445366,0.12317486790679602
341,13.488360168608292,0.13615573351389954,0.1312464838182682,0.1265722283382409,0.1221056551826081
342,13.547390139000763,0.13487150413558718,0.13004308672738513,0.12544498271027504,0.12104713697318699
343,13.606505971243987,0.13360259290132828,0.1288531897352629,0.1243297930655626,0.1200004429895154
344,13.665707540809933,0.13234801031215937,0.1276767744823685,0.12322617049540414,0.11896428713304119
345,13.724994723710825,0.13110743148817092,0.12651302718540128,0.12213400133261683,0.11793849602889184
346,13.784367396495247,0.12988159529970197,0.12536181509354177,0.12105317227286294,0.11692297319599583
347,13.843825436244284,0.1286695866775149,0.12422300609012314,0.1199841121173559,0.11591762235083966
348,13.90336872056771,0.12747108748693978,0.12309735332434152,0.11892675632726193,0.11492345857197415
349,13.962997127600202,0.1262869178206337,0.12198400186206426,0.117880369710462,0.11393931307570274
350,14.022710535997604,0.1251159438603666,0.12088262890533262,0.11684484163878263,0.11296501949749063
351,14.082508824933218,0.1239582653326035,0.11979310610778743,0.11582006198799566,0.11200048351379652
352,14.142391874094152,0.12281412587922162,0.11871553740268315,0.11480592116345925,0.11104561113240839
353,14.20235956367766,0.12168269294187745,0.1176502975745009,0.11380333252342141,0.11010098203775329
354,14.262411774387573,0.12056447353312492,0.11659649804333483,0.11281113891834442,0.10916620286739022
355,14.32254838743073,0.11945888378540927,0.11555401449533298,0.11182922959882992,0.10824077815223683
356,14.38276928451345,0.11836579659821035,0.11452272345667307,0.11085749811059231,0.10732461622797908
357,14.443074347838051,0.11728539616794476,0.11350314046360423,0.10989583863146773,0.10641762586703314
358,14.50346346009937,0.11621694093533007,0.11249473095208486,0.10894447695742246,0.10551971629616771
359,14.56393650448138,0.1151610398484975,0.11149712258055759,0.10800355261662936,0.10463172879681146
360,14.624493364653755,0.11411683722340174,0.11051019614734554,0.10707236062263593,0.1037526405744913
361,14.685133924768556,0.11308464575030988,0.10953407929986142,0.1061507985395795,0.10288233790048021
362,14.74585806945687,0.11206407911566721,0.1085689600018988,0.10523876463047298,0.10202073265092507
363,14.806665683825544,0.11105508458220212,0.10761414665971328,0.10433615787353603,0.10116773722763338
364,14.867556653453914,0.11005755198374924,0.10666952445368048,0.10344337820025333,0.10032326457337426
365,14.928530864390565,0.10907124249690407,0.10573497950915607,0.10256012766229007,0.0994880457144317
366,14.989588203150157,0.10809615652353614,0.10481112586278692,0.10168598275988908,0.09866119029005702
367,15.050728556710233,0.10713200446363155,0.1038971117068734,0.10082084604401548,0.09784257707850785
368,15.111951812508094,0.10617879225142865,0.10299281771367978,0.09996462082333407,0.0970321218707127
369,15.173257858437687,0.10523627062135804,0.10209813446053291,0.09911721117390951,0.0962297410425543
370,15.234646582846516,0.10430437370318126,0.10121347222912773,0.09827909641056208,0.09543535156719928
371,15.296117874532616,0.10338297115442335,0.10033834543234467,0.09744974494913411,0.09464931792928079
372,15.357671622741506,0.10247184518374057,0.09947248755665858,0.09662890594041965,0.09387140958619453
373,15.419307717163214,0.10157105866164647,0.0986157936273922,0.09581648711324338,0.0931012270846726
374,15.481026047929296,0.10068017318215924,0.09776855889982015,0.0950123969866324,0.09233869035160408
375,15.542826505609911,0.09979949809326559,0.09693049067802231,0.09421654487352406,0.09158371993561802
376,15.604708981210901,0.0989284879114363,0.09610125962876231,0.09342944171142718,0.09083623701526392
377,15.666673366170919,0.09806727582954886,0.09528076518759303,0.09265042958796695,0.09009616339858131
378,15.72871955235856,0.09721564017965134,0.09446927945989796,0.09187937064987906,0.08936402939310835
379,15.79084743206954,0.09637339070233374,0.09366652245709237,0.0911161778656497,0.08863919555983242
380,15.853056898023889,0.09554059892059083,0.09287219002086843,0.0903607650021364,0.08792152296170393
381,15.915347843363161,0.09471682949135896,0.092086185937539,0.0896130877983028,0.08721093640458173
382,15.977720161647703,0.0939023432194215,0.09130886039423516,0.08887355872564104,0.08650736133842475
383,16.040173746853906,0.0930965846015133,0.09053974666185823,0.08814153985757303,0.08581072385562649
384,16.10270849337151,0.0922999015410783,0.08977866360549856,0.08741694856907696,0.08512095070092561
385,16.16532429600093,0.09151172686863947,0.0890256432276564,0.08669970302619859,0.08443855462942657
386,16.22802104995059,0.09073236634320793,0.08828083832171517,0.08598972219280605,0.08376286790443588
387,16.29079865083431,0.08996134668319551,0.08754377714377914,0.08528707314516258,0.08309381461227498
388,16.353656994668672,0.08919886975523474,0.08681437095624336,0.08459189826005749,0.08243132445831088
389,16.416595977870465,0.08844457449124374,0.08609293282915129,0.083903735802963,0.08177532779282724
390,16.479615497254105,0.08769855504682629,0.0853790268667857,0.08322250824603394,0.08112575561025301
391,16.542715450029103,0.08696055282073424,0.08467250253886013,0.08254813884617723,0.08048253955435583
392,16.60589573379756,0.08623057632620094,0.08397354936402066,0.08188055163497025,0.07984608490266162
393,16.669156246551655,0.08550845492946507,0.08328196382171552,0.08121995044162227,0.07921588642248797
394,16.73249688667119,0.08479411807878019,0.08259749663508581,0.0805661635598028,0.07859182980986801
395,16.795917552921136,0.08408749908720278,0.08192026824912353,0.0799189233383819,0.07797384958555935
396,16.859418144449208,0.08338840935384653,0.08125019944982995,0.07927815719504398,0.07736188090434162
397,16.922998560783455,0.08269693772722733,0.08058699550788435,0.07864379330567246,0.07675585955424653
398,16.98665870182988,0.08201277128957621,0.07993075614534995,0.07801576741144513,0.07615572195192856
399,17.050398467870075,0.0813360221824796,0.07928143057468266,0.07739441804621873,0.07556172828695774
400,17.114217759558873,0.08066642133974755,0.0786387258343343,0.076779248877161,0.07497361981836648
401,17.178116477922035,0.08000397655199844,0.07800277723159549,0.07617019133705587,0.07439119675376678
402,17.242094524353938,0.07934850376329101,0.07737345046896642,0.07556717759102383,0.07381439827304977
403,17.3061518006153,0.0787000076887132,0.07675050967641439,0.07497014053009476,0.07324316416737418
404,17.370288208830917,0.07805822290973595,0.07613417219124281,0.07437922120223339,0.07267743484166644
405,17.43450365148741,0.07742333028355176,0.07552412797782113,0.07379431653802315,0.07211715130445512
406,17.49879803143101,0.07679495138192191,0.07492030521078157,0.07321518177031301,0.07156242442208018
407,17.563171251865356,0.07617318240241054,0.07432284354078256,0.07264175288867228,0.07101325748149481
408,17.627623216349292,0.07555791264272844,0.07373139295829663,0.07207396658569873,0.07046935306354318
409,17.692153828794734,0.07494892397719252,0.07314608432537573,0.07151181893039589,0.06993065479919919
410,17.756762993464474,0.07434635030068588,0.07256676549274685,0.07095547701776948,0.0693971069078361
411,17.821450614970086,0.07374999655029336,0.07199329460149329,0.07040458303697969,0.06886865419112743
412,17.886216598269804,0.07315970016249335,0.07142581347824141,0.06985907663236356,0.068345242027744
413,17.951060848666422,0.07257554163806594,0.07086399236647772,0.06931889812093923,0.06782685636689408
414,18.015983271805226,0.07199742518536843,0.07030799956324318,0.06878398848165018,0.06731371938310937
415,18.080983773671917,0.07142515094125343,0.0697575941335383,0.06825459199337287,0.0668054538606573
416,18.146062260590593,0.07085865936792025,0.0692127895393542,0.06773035547610663,0.06630200765068196
417,18.211218639221702,0.07029812856866656,0.0686735245876135,0.0672112068538696,0.06580332915839641
418,18.276452816560056,0.06974323308617923,0.06813965896658702,0.06669708989033787,0.06530936733915418
419,18.34176469993281,0.06919390810184624,0.06761126656691584,0.06618794898235097,0.06482007169666026
420,18.407154196997524,0.06865011654480442,0.06708808659116251,0.0656840127012643,0.06433539227650553
421,18.47262121574017,0.0681119821696794,0.06657030597699998,0.06518494378322465,0.06385555178815593
422,18.53816566447321,0.06757922179797889,0.06605760608905083,0.06469068073847711,0.06338026652245453
423,18.603787451833657,0.06705177380240723,0.06555011384192964,0.0642011706051052,0.0629094434078486
424,18.669486486781196,0.06652957728357729,0.06504765181296006,0.06371643696555658,0.06244303478017863
425,18.735262678596236,0.06601272874447502,0.0645501591271927,0.06323654318209047,0.061980993496216066
426,18.801115936878077,0.06550107339757102,0.06405769160543606,0.06276124040308899,0.06152327292527983
427,18.867046171543027,0.06499448523755452,0.06357001308319536,0.062290478186196346,0.06106982694503161
428,18.933053292822564,0.06449290637724081,0.06308723078455632,0.061824206665850666,0.060620811121266084
429,18.99913721126148,0.06399627962350408,0.06260919745032692,0.06136259031675306,0.060176054226674616
430,19.065297837716084,0.06350470198990651,0.06213581486736278,0.060905397298909036,0.059735430050154616
431,19.131535083352393,0.06301800879381982,0.0616671992953747,0.06045254279245409,0.059298894604767734
432,19.19784885964435,0.06253609487795811,0.06120309952882518,0.0600039793123359,0.05886640438462287
433,19.264239078372025,0.062058905885135116,0.06074359295969717,0.05955980582728136,0.058437916366189134
434,19.330705651619876,0.061586388111689934,0.060288584028529636,0.05911991337832728,0.058013387999829934
435,19.39724849177501,0.06111853835020913,0.05983795501479786,0.058684167197296175,0.05759294988416193
436,19.46386751152541,0.06065538552859053,0.059391824065256234,0.05825252207048688,0.057176461958310845
437,19.530562623858277,0.06019674185991666,0.05894995305093199,0.057825047667781106,0.056763803113598535
438,19.597333742058268,0.059742556301633346,0.0585124039214713,0.05740168605044944,0.05635493277598888
439,19.664180779705834,0.059292778436066985,0.058079104953065966,0.05698228779578865,0.055949810827985676
440,19.73110365067555,0.05884735844922714,0.05764992392808065,0.05656680985338692,0.05554839759309294
441,19.798102269134425,0.05840628416740716,0.0572249978761457,0.056155324395497246,0.0551506538392328
442,19.86517654954027,0.05796959472799341,0.056804092061966106,0.05574776141030223,0.05475671307600201
443,19.93232640664005,0.057537113074081915,0.05638726371931032,0.05534398776066984,0.05436641326902766
444,19.999551755468264,0.057108791867909965,0.055974444331588,0.05494396245890389,0.05397966280644325
445,20.066852511345335,0.05668458434302297,0.05556555308838857,0.05454779791733237,0.05359642428389043
446,20.13422858987599,0.056264444303147046,0.05516063347508183,0.05415533697887493,0.05321666071760387
447,20.201679906947707,0.05584832611168014,0.05475951038056553,0.05376649979401857,0.05284033553630849
448,20.26920637872911,0.05543626157755321,0.05436230871785392,0.0533812881691373,0.05246741257812513
449,20.336807921668417,0.05502819408945549,0.05396881603916013,0.052999762770517475,0.05209805024130564
450,20.404484452491896,0.05462401115789265,0.053579094518016644,0.05262174116519112,0.05173202277160066
451,20.472235888202313,0.05422366940750104,0.05319305846898526,0.05224718575519919,0.05136928700038127
452,20.540062146077414,0.05382712599046533,0.052810607571186975,0.0518761954888519,0.05100980845444933
453,20.607963143668407,0.053434338579540164,0.05243184833849544,0.05150863069206595,0.05065355304699234
454,20.67593879879846,0.05304526535930583,0.0520566030783449,0.05114441795907282,0.05030048707260746
455,20.743989029561206,0.05265987175149261,0.05168482377959988,0.05078359824429293,0.04995064020696108
456,20.812113754319267,0.0522782285006354,0.051316594581083876,0.05042614475546689,0.049604034906196345
457,20.88031289170279,0.05190017382515299,0.050951779886030085,0.050071933425986356,0.04926051616439023
458,20.94858636060797,0.05152566797773856,0.05059031641792307,0.049720973651263614,0.048920051848730814
459,21.016934080195625,0.05115467169236652,0.05023220269776809,0.04937329870642724,0.0485826101868394
460,21.085355969889736,0.05078714618072697,0.049877472330376954,0.04902876007758194,0.04824815976486413
461,21.153851949376065,0.0504230531218521,0.049525982727225415,0.04868735849750322,0.047916672358518285
462,21.22242193860068,0.05006235466061712,0.04917769907452165,0.048349141583054304,0.04758827774578937
463,21.291065857768604,0.049705013402527545,0.04883261311209122,0.048013959042764176,0.04726277860951016
464,21.3597836273424,0.04935105675274039,0.048490768600396465,0.047681817287850106,0.04694014499602516
465,21.428575168040776,0.049000425177301264,0.048152024952085204,0.0473527497032756,0.04662034728932068
466,21.497440400837256,0.048653038653633865,0.04781634902316139,0.04702661829846976,0.046303356208832636
467,21.566379246958764,0.04830886162147552,0.04748370805118035,0.046703446030210136,0.045989151420504734
468,21.63539162788431,0.04796785895524932,0.04715414878978262,0.04638323043761312,0.04567783908909234
469,21.704477465343636,0.047629995950449484,0.04682760059518189,0.04606585642824525,0.045369244222829175
470,21.773636681315885,0.04729523832342991,0.046503988563157406,0.04575136649232174,0.04506333889879745
471,21.84286919802828,0.046963552204317964,0.04618328149886699,0.04543971650703546,0.04476009550778447
472,21.912174937954806,0.04663490413226656,0.045865448571437296,0.04513081696879285,0.04445948675003465
473,21.981553823814924,0.04630926104814214,0.045550518202997166,0.04482471245488121,0.044161547647051644
474,22.051005778572257,0.045986671300088926,0.0452384530167256,0.044521352337548635,0.04386626645923187
475,22.120530725433323,0.04566702870311969,0.04492916906123353,0.04422065485135043,0.043573536878132826
476,22.190128587846264,0.045350292117270034,0.044622636969284146,0.04392263829740232,0.04328333286450971
477,22.259799289499558,0.04503643010022477,0.04431882772106014,0.043627302598394896,0.042995628675711786
478,22.329542754320794,0.04472541158448536,0.04401771263018991,0.04333454489738323,0.04271040832430845
479,22.399358906475396,0.044417205878825756,0.04371933565210039,0.04304434077512257,0.04242775743756448
480,22.469247670365412,0.044111782658244655,0.043423624496761334,0.04275677384088091,0.04214752813695399
481,22.53920897062829,0.04380911196310917,0.04313052114173386,0.042471703335038226,0.04186969586521373
482,22.609242732135613,0.043509164192007906,0.042839998260768695,0.04218910354520084,0.04159423633914817
483,22.679348879991945,0.04321191009997076,0.04255202884649795,0.04190902091762625,0.04132112554851152
484,22.749527339533593,0.0429173207919011,0.04226658620344099,0.041631394180464895,0.041050444917322376
485,22.819778036327445,0.042625408119915165,0.04198364903649828,0.041356160443601596,0.040782079203355776
486,22.890100896169738,0.04233613576767468,0.04170327278149619,0.04108333342434864,0.04051598932716745
487,22.96049584508494,0.04204944181765643,0.04142534299357087,0.04081291578334916,0.04025215237980318
488,23.030962809324535,0.041765298770492114,0.041149834235468245,0.04054481621654624,0.039990545707953885
489,23.101501715365888,0.04148367945518766,0.04087672136366856,0.04027902029715267,0.039731242300181734
490,23.172112489911104,0.04120455702603507,0.040605979527147805,0.04001558552495156,0.03947413988119418
491,23.242795059885854,0.04092790495658674,0.040337584160796115,0.039754396580140614,0.03921919900972598
492,23.313549352438265,0.04065369703432778,0.04007151098145976,0.03949543065128569,0.0389663980669323
493,23.384375294937783,0.04038190736216066,0.03980777388334862,0.03923873904159024,0.03871572434096573
494,23.45527281497406,0.040112510348474545,0.03954635405060983,0.038984245214754125,0.03846724469021463
495,23.52624184035584,0.03984548070682388,0.03928718344395706,0.03873190553556902,0.03822083941026781
496,23.597282299109878,0.03958079344893763,0.03903023891744628,0.03848173946599844,0.03797648786753721
497,23.66839411947978,0.039318423886393394,0.03877549759395467,0.038233732958163014,0.03773416965895891
498,23.739577229925015,0.03905834762004671,0.03852293685637026,0.03798781416929534,0.037493921902247686
499,23.810831559119737,0.038800584814374095,0.03827253435070328,0.037743983837047794,0.03725570817958762
500,23.882157035951785,0.03854508003601439,0.03802426797515853,0.037502264179438576,0.03701946594979734
501,23.953553589521587,0.03829179574387045,0.037778115886586264,0.037262568162963236,0.03678517573589477
502,24.025021149141086,0.03804070870200578,0.03753412010682603,0.03702489694168158,0.0365528416190679
503,24.09655964433274,0.037791795950265994,0.037292202110607964,0.03678927067761148,0.03632249111477863
504,24.168169004828435,0.03754503479786487,0.03705233283091696,0.036555606230403014,0.036094033612165066
505,24.239849160568458,0.03730040282259794,0.036814491436826524,0.03632391321594945,0.03586745051213412
506,24.311600041700494,0.03705787786612983,0.03657865733550944,0.036094193683800416,0.03564272968627918
507,24.38342157857857,0.03681743802997273,0.036344810168413705,0.035866376316565564,0.035419929003252984
508,24.455313701762073,0.03657906167251379,0.036112929808720315,0.03564046346519858,0.0351989463960567
509,24.527276342014723,0.03634272740727853,0.035882996360530585,0.03541647067707118,0.03497976410251085
510,24.599309430303563,0.03610841409639424,0.035654990152361794,0.03519432248438916,0.03476237077604712
511,24.671412897797996,0.035876100852559704,0.03542890811540033,0.0349740006627438,0.03454682070726503
512,24.743586675868787,0.03564576703171192,0.03520475966390486,0.03475554008015108,0.034333017178288364
513,24.815830696087055,0.03541739223072635,0.034982479470839795,0.03453888959658076,0.03412094322089286
514,24.88814489022335,0.03519095628462411,0.034762048770263995,0.03432401054522108,0.033910602712794884
515,24.96052919024665,0.03496643926546823,0.034543449011362796,0.03411088552420152,0.03370201754801359
516,25.032983528323403,0.034743831321721735,0.034326661851945925,0.03389953524757623,0.033495110607997515
517,25.105507836816592,0.034523136142775926,0.034111669156081305,0.03368993562092575,0.033289865679995465
518,25.17810204828477,0.034304300514901236,0.0338984529965588,0.03348203758345513,0.033086310164320246
519,25.250766095481136,0.03408730544075433,0.03368699564538719,0.033275824512901536,0.03288441704976054
520,25.323499911352577,0.03387213214384267,0.03347727957616628,0.0330712799709023,0.0326841369069463
521,25.396303429038763,0.03365876206763986,0.033269287461007845,0.03286843254505715,0.0324854542447346
522,25.469176581871228,0.03344717686743233,0.03306302238182784,0.03266724073767116,0.032288425859882834
523,25.54211930337241,0.033237358414004936,0.03285847906880416,0.03246766794807867,0.03209296417319728
524,25.615131527254807,0.033029288785398285,0.03265560780372827,0.032269698471681076,0.031899053117936615
525,25.688213187420025,0.032822950269084265,0.032454392047071984,0.032073316778119906,0.031706709608313705
526,25.761364217957894,0.03261832535425305,0.03225481544299814,0.03187851510150133,0.031515925012550385
527,25.834584553145586,0.032415396733441515,0.03205686182000323,0.03168532340819473,0.031326645787548346
528,25.907874127446703,0.032214147299506626,0.03186051518913083,0.031493672734584685,0.031138857623323142
529,25.98123287551044,0.03201456014016701,0.03166575973802663,0.03130354823852214,0.03095259657402155
530,26.05466073217067,0.03181661853953549,0.031472579833512655,0.031114935241148084,0.03076781420102778
531,26.1281576324451,0.03162030597209316,0.03128096001551225,0.03092781922272065,0.030584479632844608
532,26.201723511534393,0.031425606103626436,0.03109088499797733,0.03074218582239027,0.030402579186274075
533,26.275358304821317,0.031232502785887725,0.030902339664256002,0.030558065952514705,0.030222146205702304
534,26.349061947869906,0.03104098005492378,0.030715309066259997,0.030375410107065938,0.030043136369417103
535,26.42283437642459,0.030851022131189485,0.030529819637211998,0.030194193667800337,0.02986551930570465
536,26.496675526409376,0.03066261341458058,0.03034581734069765,0.03001440290670491,0.029689281927186333
537,26.57058533392701,0.030475738482150645,0.030163285057020185,0.029836024243885696,0.029514441838948476
538,26.644563735258124,0.030290382089652325,0.029982208510441942,0.02965904424879745,0.029340985058667873
539,26.718610666860446,0.030106529163383668,0.029802573580345392,0.02948344963350834,0.02916886842720873
540,26.79272606536797,0.029924189113090863,0.02962436630390746,0.02930925884059332,0.028998079425272168
541,26.866909867590117,0.029743327436548825,0.02944757287336573,0.029136445746344827,0.028828621156805755
542,26.94116201051097,0.029563924403822467,0.029272179633252828,0.028964978075368915,0.02866050757731336
543,27.015482431288437,0.029385965626877994,0.029098173077331098,0.028794843120831595,0.028493683815278406
544,27.08987106725347,0.029209436884120542,0.028925539851743672,0.0286260283160381,0.028328137893765766
545,27.164327855909267,0.029034324111833733,0.028754266746936288,0.028458521226485393,0.028163865145455765
546,27.23885273493049,0.028860613405866906,0.02858434069958352,0.02829230955195617,0.028000894039646455
547,27.313445642162463,0.02868829101934858,0.028415748790150037,0.02812738112465218,0.027839164603237786
548,27.388106515620432,0.028517343359485782,0.028248478240551083,0.027963741203044585,0.02767866537185262
549,27.462835293488748,0.028347756989806808,0.028082534208226706,0.027801388489853765,0.027519386016927865
550,27.53763191412013,0.028179518619956972,0.02791790400981703,0.027640282452102496,0.02736136536661346
551,27.612496316034896,0.02801261511324944,0.02775455698121196,0.027480411450857233,0.02720454031448393
552,27.6874284379202,0.027847033477405154,0.027592480907511516,0.0273217639688936,0.027048899886012143
553,27.762428218629278,0.027682760868789527,0.02743166370989013,0.027164328614450728,0.026894433223796428
554,27.8374955971807,0.02751978458460297,0.027272093438997523,0.027008094114727956,0.02674117181150912
555,27.912630512757634,0.027358092066715068,0.027113758277343542,0.02685304931844391,0.026589069415697792
556,27.9878329047071,0.027197670894503534,0.026956646534340017,0.026699183191301563,0.026438108015599954
557,28.06310271253924,0.027038508789341522,0.026800746649149373,0.026546484818513145,0.02628827721558314
558,28.13843987592658,0.026880593607360472,0.026646047184942814,0.026394977676150178,0.026139598581682213
559,28.213844334703307,0.02672391334074025,0.026492536829708622,0.026244622221314042,0.025992044916968934
560,28.289316028864565,0.026568456114140222,0.026340204392934698,0.026095401735510962,0.025845590481572492
561,28.364854898565703,0.026414210184963045,0.026189038806483503,0.02594730577079011,0.025700225318399196
562,28.44046088412161,0.02626116394225337,0.026039029123029016,0.025800323990521876,0.025555969389684245
563,28.516133926005963,0.026109305901234524,0.025890164511155257,0.025654446165289134,0.02541279791816551
564,28.591873964850556,0.025958624705373932,0.02574243425766809,0.025509662174271724,0.025270685681577764
565,28.66768094144458,0.02580910912542073,0.025595827765936646,0.025365962004491895,0.02512962314296235
566,28.743554796733942,0.025660748052917848,0.025450346632854042,0.025223335745934217,0.024989641174334692
567,28.819495471820577,0.02551353050539345,0.02530598441175555,0.02508177359549646,0.024850692371873845
568,28.89550290796174,0.02536744561966442,0.02516271430894368,0.024941265851477275,0.024712764499640754
569,28.971577046569355,0.02522248265089414,0.025020526183908706,0.02480183301219199,0.024575862661017033
570,29.04771782920931,0.025078630975522362,0.024879410007528784,0.0246634399920669,0.024439990640758916
571,29.123925197600816,0.024935880083956738,0.024739355855589746,0.02452607226053799,0.024305111702850362
572,29.200199093615705,0.024794219582991814,0.02460035391147275,0.02438972052669531,0.024171216998807546
573,29.276539459277767,0.02465364891554284,0.024462394464306723,0.024254375597927806,0.024038317361381557
574,29.352946236762126,0.024514155814732406,0.02432546790322255,0.02412002837385985,0.023906404418335685
575,29.429419368394537,0.024375722251745963,0.02418956472470426,0.02398666985338214,0.02377544902916331
576,29.505958796650756,0.024238338285922437,0.024054675522709706,0.02385429112578361,0.023645442711291657
577,29.582564464155904,0.024101994087278863,0.02392079099350212,0.02372288337510989,0.023516377306034827
578,29.65923631368379,0.023966679931126174,0.023787901931119102,0.02359243787539215,0.023388281895127316
579,29.735974288156296,0.023832386200175193,0.023655999228229713,0.023462945992655193,0.023261109986142704
580,29.812778330642708,0.023699103380084626,0.02352507387286909,0.02333439918102489,0.023134853447407094
581,29.889648384359134,0.02356682206060639,0.023395116949676952,0.023206798581266504,0.023009504230596767
582,29.966584392667823,0.023435532932821395,0.023266119636787763,0.023080146625597566,0.022885054368591968
583,30.04358629907657,0.023305226789001727,0.023138073205913032,0.02295441411037228,0.022761520537907372
584,30.12065404723808,0.02317589452117316,0.02301096902155725,0.022829592847209677,0.02263888107640854
585,30.197787580949356,0.02304752711871596,0.02288479853775893,0.02270567473100927,0.02251711695727815
586,30.274986844151076,0.02292011567023484,0.022759553300882956,0.022582651741935914,0.02239622054083882
587,30.352251780927,0.022793651357381466,0.022635240927346215,0.022460515940576305,0.022276184262807697
588,30.42958233550333,0.022668125459457684,0.022511842467353146,0.02233925947063177,0.02215700063639631
589,30.50697845224815,0.02254352934725486,0.022389344032990893,0.022218874555211595,0.022038677081717997
590,30.58444007567078,0.02241985448611354,0.022267737526376664,0.022099353498491257,0.021921209640332028
591,30.661967150421212,0.022297092430283973,0.022147014932002905,0.021980688681291802,0.02180457228878162
592,30.73955962128951,0.022175234826920708,0.022027168320572634,0.021862872564448292,0.0216887578451938
593,30.817217433205204,0.022054273411331503,0.021908189844375047,0.02174589768488967,0.02157375919833848
594,30.894940531236724,0.02193420000682946,0.021790071737656805,0.021629756655546725,0.021459569308435074
595,30.972728860590806,0.0218150065247118,0.021672806315866443,0.021514444629826143,0.021346181206026094
596,31.05058236661192,0.021696684962611158,0.021556385974825225,0.021399974879934548,0.021233595602369107
597,31.128500994781678,0.021579227401080696,0.021440803187464226,0.02128631683804729,0.021121821069473804
598,31.206484690718288,0.021462626008159725,0.021326050507658904,0.021173463421493482,0.021010827330437944
599,31.284533400175953,0.021346873031903208,0.021212120564021063,0.02106140761725933,0.020900607695769
